run_num	trial_num	trial_dur	start_time	end_time	real_start_time	start_ttl	start_ttl_time
1	1.0	30.0	0.0	30.0	40.00021874997765	0.0	40.00021966663189
1	1.0	30.0	0.0	30.0	40.00020508328453	0.0	40.00020599993877
