run_num	task_name	task_code	task_file	instruction_dur	start_time	end_time	real_start_time	start_ttl	start_ttl_time	acc	rt	real_end_time
1	finger_sequence	fingseq	finger_sequence_01.tsv	5	0	35	0.0002762499498203	0	0.0002781249349936	0.9791666666666669	0.2689779288193676	34.53222587495111
1	finger_sequence_surprise	fingseqsurp	finger_sequence_surprise_01.tsv	5	35	70	35.00001324992627	0	35.00001495832112	0.9166666666666669	0.3046324670140166	69.51575608330313
1	finger_sequence_surprise	fingseqsurp	finger_sequence_surprise_01.tsv	5	0	35	0.0002744583180174	0	0.0002762083895504	1.0	0.3240585008704025	34.51743620831985
1	finger_sequence_surprise	fingseqsurp	finger_sequence_surprise_01.tsv	5	0	35	0.0002051249612122	0	0.0002069167094305	0.9583333333333334	0.3868014947899307	34.51752333343029
1	finger_sequence_surprise	fingseqsurp	finger_sequence_surprise_01.tsv	5	0	35	0.00022670836187899113	0	0.0002285416703671217	0.8958333333333333	0.29367659895069664	34.5162942915922
