,trial_type,trial_dur,iti_dur,delay_dur,dot_dur,prob_dur,hand,display_trial_feedback,start_time,end_time,circle_radius,xys_stim,xys_prob,angle_prob
0,True,6,0.5,0.5,0.75,1,right,True,0.0,6.0,5,"[[-3.6497347977461376, -3.4175189693871433], [-4.760776841295074, -1.5280719444412607], [4.519557551738976, -2.13859756301161], [0.3282256375516151, 4.989215161811909], [5.0, 0.0], [-1.8372977455041566, 4.650197522080685]]","[[-4.760776841295074, -1.5280719444412607], [0.3282256375516151, 4.989215161811909]]",52.0156177408879
1,False,6,0.5,0.5,0.75,1,right,True,6.5,12.5,5,"[[4.519557551738976, -2.13859756301161], [5.0, 0.0], [-4.760776841295074, -1.5280719444412607], [-1.8372977455041566, 4.650197522080685], [-3.6497347977461376, -3.4175189693871433], [0.3282256375516151, 4.989215161811909]]","[[0.3282256375516151, 4.989215161811909], [5.0, 0.0]]",43.11805232928351
2,True,6,0.5,0.5,0.75,1,right,True,13.0,19.0,5,"[[-3.6497347977461376, -3.4175189693871433], [-1.8372977455041566, 4.650197522080685], [5.0, 0.0], [0.3282256375516151, 4.989215161811909], [4.519557551738976, -2.13859756301161], [-4.760776841295074, -1.5280719444412607]]","[[-1.8372977455041566, 4.650197522080685], [-4.760776841295074, -1.5280719444412607]]",43.11805232928351
3,False,6,0.5,0.5,0.75,1,right,True,19.5,25.5,5,"[[-1.8372977455041566, 4.650197522080685], [4.519557551738976, -2.13859756301161], [-4.760776841295074, -1.5280719444412607], [-3.6497347977461376, -3.4175189693871433], [0.3282256375516151, 4.989215161811909], [5.0, 0.0]]","[[0.3282256375516151, 4.989215161811909], [-1.8372977455041566, 4.650197522080685]]",77.33853924696264
