,trial_type,trial_dur,iti_dur,delay_dur,dot_dur,prob_dur,hand,display_trial_feedback,start_time,end_time,circle_radius,xys_stim,xys_prob
0,False,6,0.5,0.5,0.75,1,right,True,0.0,6.0,8,"[[-2.3094914030746674, 3.5919373383850557], [3.4121369280598213, -0.5696021311961017], [1.6197577452859644, -1.4178536597710378], [-1.8740077676711335, -1.415562562055074], [0.4042731773614854, -3.039681794469856], [-2.437576771336918, 1.448258577681452]]","[[-2.437576771336918, 1.448258577681452], [-2.3094914030746674, 3.5919373383850557]]"
1,True,6,0.5,0.5,0.75,1,right,True,6.5,12.5,8,"[[-1.049856221107759, -2.18643325231451], [0.43285297291861546, 1.2810901286933545], [-0.4729212716280866, 3.0572442041871044], [-1.1337856117992553, 0.4196546279800071], [-3.4914421142724272, 0.07244252691681652], [2.2965541205996924, 0.014974456679352599]]","[[-1.049856221107759, -2.18643325231451], [0.43285297291861546, 1.2810901286933545]]"
2,False,6,0.5,0.5,0.75,1,right,True,13.0,19.0,8,"[[3.737312306251087, -2.916914207590348], [-1.7753524573173944, 2.574021606978226], [1.338871943209238, 3.1747804918926006], [-0.17263001120740906, -3.2203279475286655], [-2.6441429231463687, -0.0671571511598561], [3.1811710297630897, 3.186395024218336]]","[[3.1811710297630897, 3.186395024218336], [3.737312306251087, -2.916914207590348]]"
3,True,6,0.5,0.5,0.75,1,right,True,19.5,25.5,8,"[[-0.20492596467214952, -2.9496328164838523], [-2.387599678039771, -0.006831991409607774], [-0.7418071967617861, -1.0158872820259637], [0.2894282608685472, 3.9972382730378886], [-3.9088452953777475, -1.876199256830768], [-3.7198152437797782, 1.978292507350675]]","[[0.2894282608685472, 3.9972382730378886], [-3.9088452953777475, -1.876199256830768]]"
