,trial_type,trial_dur,iti_dur,delay_dur,dot_dur,prob_dur,hand,display_trial_feedback,start_time,end_time,circle_radius,xys_stim,xys_prob
0,True,6,0.5,0.5,0.75,1,right,True,0.0,6.0,5,"[[5.0, 2.30506362084894], [4.436967624835545, -0.27194608940605053], [-0.3680054724718373, 2.0603284921753082], [-4.291480358775786, 3.5694019975745954], [2.4596299058215747, 4.95558498887123], [-3.98740259323612, -4.984416670545081]]","[[5.0, 2.30506362084894], [2.4596299058215747, 4.95558498887123]]"
1,False,6,0.5,0.5,0.75,1,right,True,6.5,12.5,5,"[[-0.09625224811580436, -4.847609573255713], [-4.96746754419304, -3.188451684548546], [-4.291480358775786, 1.553302746394044], [-1.694502789613376, 1.3181146889583446], [-1.694502789613376, 3.39321029456521], [-4.424678599094643, 2.795386451472252]]","[[-1.694502789613376, 3.39321029456521], [-4.96746754419304, -3.188451684548546]]"
2,True,6,0.5,0.5,0.75,1,right,True,13.0,19.0,5,"[[3.654295770839374, -2.54297488993442], [3.654295770839374, -1.784745038079412], [4.752604609900209, -4.379032733699261], [-4.670619353902747, 4.391771912233849], [-2.436504970458981, -0.8126203986489868], [-4.670619353902747, 4.35318512429556]]","[[3.654295770839374, -1.784745038079412], [-4.670619353902747, 4.391771912233849]]"
3,False,6,0.5,0.5,0.75,1,right,True,19.5,25.5,5,"[[4.975899691513085, 3.1679777445615014], [-2.1954258921304586, 3.5694019975745954], [-2.1476473327293526, 2.795386451472252], [4.003347922505787, 3.7720155341387396], [0.17578591927619416, 4.480518934456462], [-4.566635067818286, 4.255278304272269]]","[[-4.566635067818286, 4.255278304272269], [0.17578591927619416, 4.480518934456462]]"
