,trial_type,trial_dur,iti_dur,delay_dur,dot_dur,prob_dur,hand,display_trial_feedback,start_time,end_time,circle_radius,xys_stim,xys_prob,angle_prob
0,False,6,0.5,0.5,0.75,1,right,True,0.0,6.0,2,"[[0.13129025502064604, 1.9956860647247636], [2.0, 0.0], [-1.459893919098455, -1.3670075877548573], [1.8078230206955903, -0.855439025204644], [-1.9043107365180296, -0.6112287777765043], [-0.7349190982016627, 1.860079008832274]]","[[-0.7349190982016627, 1.860079008832274], [2.0, 0.0]]",34.22048691767913
1,True,6,0.5,0.5,0.75,1,right,True,6.5,12.5,2,"[[-0.7349190982016627, 1.860079008832274], [-1.9043107365180296, -0.6112287777765043], [2.0, 0.0], [0.13129025502064604, 1.9956860647247636], [1.8078230206955903, -0.855439025204644], [-1.459893919098455, -1.3670075877548573]]","[[-0.7349190982016627, 1.860079008832274], [1.8078230206955903, -0.855439025204644]]",46.88194767071649
2,False,6,0.5,0.5,0.75,1,right,True,13.0,19.0,2,"[[-0.7349190982016627, 1.860079008832274], [0.13129025502064604, 1.9956860647247636], [2.0, 0.0], [1.8078230206955903, -0.855439025204644], [-1.459893919098455, -1.3670075877548573], [-1.9043107365180296, -0.6112287777765043]]","[[-1.9043107365180296, -0.6112287777765043], [0.13129025502064604, 1.9956860647247636]]",52.01561774088789
3,True,6,0.5,0.5,0.75,1,right,True,19.5,25.5,2,"[[2.0, 0.0], [0.13129025502064604, 1.9956860647247636], [-0.7349190982016627, 1.860079008832274], [-1.9043107365180296, -0.6112287777765043], [1.8078230206955903, -0.855439025204644], [-1.459893919098455, -1.3670075877548573]]","[[0.13129025502064604, 1.9956860647247636], [-1.459893919098455, -1.3670075877548573]]",64.67707849392525
