,trial_type,trial_dur,iti_dur,delay_dur,dot_dur,prob_dur,hand,display_trial_feedback,start_time,end_time,circle_radius,xys_stim,xys_prob
0,False,6,0.5,0.5,0.75,1,right,True,0.0,6.0,5,"[[2.41331148366521, -0.245460325138885], [4.641628949062962, -0.8126203986489868], [-3.2820571003893333, 4.999073464626486], [-2.6703710731238495, -4.98225429715635], [0.9335103421198157, -4.847609573255713], [-2.6253774115714723, -3.7893712863208324]]","[[-2.6703710731238495, -4.98225429715635], [-3.2820571003893333, 4.999073464626486]]"
1,False,6,0.5,0.5,0.75,1,right,True,6.5,12.5,5,"[[0.3944495587426727, -3.188451684548546], [4.189533385207565, 1.8094940124008863], [-4.145577714495939, 4.391771912233849], [-4.973228871916354, 0.7602382397600747], [4.661086935370905, 1.5784898459399517], [-3.1137184259083273, -3.6063444947380443]]","[[-3.1137184259083273, -3.6063444947380443], [4.189533385207565, 1.8094940124008863]]"
2,True,6,0.5,0.5,0.75,1,right,True,13.0,19.0,5,"[[4.003347922505787, 2.0603284921753082], [4.641628949062962, -0.8126203986489868], [3.5013382269798625, 0.8387775515872649], [-1.2250230305098604, -4.907062239451045], [4.970418129782702, 3.3736835603334603], [-2.3900500979924755, 1.5784898459399517]]","[[4.003347922505787, 2.0603284921753082], [4.641628949062962, -0.8126203986489868]]"
3,True,6,0.5,0.5,0.75,1,right,True,19.5,25.5,5,"[[-3.8514641183969944, -3.6063444947380443], [-1.43614168714775, -2.0361346118005756], [-2.1476473327293526, 3.7720155341387396], [-4.82312903277035, 0.8387775515872649], [-3.3218872002870263, -1.784745038079412], [2.6479114920393116, 4.999073464626486]]","[[-3.3218872002870263, -1.784745038079412], [2.6479114920393116, 4.999073464626486]]"
