,trial_type,trial_dur,iti_dur,delay_dur,dot_dur,prob_dur,hand,display_trial_feedback,start_time,end_time,circle_radius,xys_stim,xys_prob
0,False,6,0.5,0.5,0.75,1,right,True,0.0,6.0,8,"[[2.308748795993889, -0.9647664884519553], [3.189537046687394, -1.7699505915444513], [-0.18298691080297136, 2.4780505291172172], [-2.287562625714438, -2.657190109359089], [1.2779433221920486, 3.8839047657693095], [2.11466082146993, 2.360498468801204]]","[[2.11466082146993, 2.360498468801204], [-0.18298691080297136, 2.4780505291172172]]"
1,False,6,0.5,0.5,0.75,1,right,True,6.5,12.5,8,"[[3.0561973791199666, 1.1751791077708944], [0.6973032853060648, -2.979569236160109], [2.0419231964224274, 0.2341968706242019], [-2.263770675951146, -0.26531768161570657], [-2.748531698192502, 3.5544797211528465], [-1.4668250110599699, 1.1165239218176426]]","[[2.0419231964224274, 0.2341968706242019], [3.0561973791199666, 1.1751791077708944]]"
2,True,6,0.5,0.5,0.75,1,right,True,13.0,19.0,8,"[[-2.8136668202213952, 0.89674654711692], [-1.5711706768437814, -1.5556161251312277], [3.5959461490108504, -2.603541576770186], [3.7827721752414023, 3.655903669879069], [1.9391048810936944, -0.6254847826592078], [-2.55374588227383, -3.1507245838789872]]","[[-2.8136668202213952, 0.89674654711692], [-2.55374588227383, -3.1507245838789872]]"
3,True,6,0.5,0.5,0.75,1,right,True,19.5,25.5,8,"[[-3.5537910118823577, 2.0450054972313314], [1.5720255231009848, 3.1845560618693804], [3.3747808125484866, 2.7059242510797974], [-1.3588922079199444, -1.6061873402769349], [-2.9893113996629426, -3.844468289383739], [3.3153918776820666, -2.0132293706127733]]","[[-3.5537910118823577, 2.0450054972313314], [1.5720255231009848, 3.1845560618693804]]"
