,trial_type,trial_dur,iti_dur,delay_dur,dot_dur,prob_dur,hand,display_trial_feedback,start_time,end_time,circle_radius,xys_stim,xys_prob
0,False,6,0.5,0.5,0.75,1,right,True,0.0,6.0,8,"[[-2.0821060992636085, -0.31538713968307963], [2.451712442237114, -3.5393269729084755], [-0.8189511129406855, -1.6058935005894694], [0.669560748787549, 3.3740861049820934], [-2.597501726168507, 1.984891712867105], [1.6569556054111967, 2.854804802743547]]","[[1.6569556054111967, 2.854804802743547], [2.451712442237114, -3.5393269729084755]]"
1,True,6,0.5,0.5,0.75,1,right,True,6.5,12.5,8,"[[-3.643756278181951, -2.646983117572457], [3.6404158644495164, 3.783810809423854], [2.8948596376527034, -0.5568432215721506], [-3.284094769506738, 2.186116811733566], [0.25858594795189127, 1.2855538999367377], [-3.1376174706938995, -0.3113190898101905]]","[[2.8948596376527034, -0.5568432215721506], [-3.1376174706938995, -0.3113190898101905]]"
2,False,6,0.5,0.5,0.75,1,right,True,13.0,19.0,8,"[[1.6105723052920373, -2.676683150029681], [-3.6903555385064735, 0.32857862998331555], [2.8001402793853227, -2.1081993270384896], [-1.2273556101106076, 0.4445802472577345], [3.696989104107546, 2.437931536417741], [-2.2198800168791966, -2.1030666475292623]]","[[2.8001402793853227, -2.1081993270384896], [1.6105723052920373, -2.676683150029681]]"
3,True,6,0.5,0.5,0.75,1,right,True,19.5,25.5,8,"[[1.9300011086967679, 1.0388409892949415], [-1.1035273804431078, 1.6416493544847262], [-1.6986328556872667, 0.062074781154437986], [-0.21643807354308375, 2.797373490689263], [-0.22892246753261958, -2.301962457071152], [2.2065186291231713, -1.1061680343741385]]","[[-1.1035273804431078, 1.6416493544847262], [2.2065186291231713, -1.1061680343741385]]"
