,trial_type,trial_dur,iti_dur,delay_dur,dot_dur,prob_dur,hand,display_trial_feedback,start_time,end_time,circle_radius,xys_stim,xys_prob
0,True,6,0.5,0.5,0.75,1,right,True,0.0,6.0,5,"[[2.87467268153551, -3.7369861424106485], [-4.887681117286152, 4.7893107076526595], [-3.072042060865272, 3.7545536557378174], [4.992599055047056, -2.54297488993442], [-2.8963318680584296, 4.986438806626507], [-3.2820571003893333, -2.77335799214842]]","[[-3.072042060865272, 3.7545536557378174], [-2.8963318680584296, 4.986438806626507]]"
1,False,6,0.5,0.5,0.75,1,right,True,6.5,12.5,5,"[[-2.8529326156688413, 4.912082902512472], [-2.6253774115714723, 1.3181146889583446], [-0.3680054724718373, -0.8126203986489868], [-4.929143152613167, -4.379032733699261], [1.410717835452561, -2.54297488993442], [-1.9478475233310422, -1.0797480181658017]]","[[-1.9478475233310422, -1.0797480181658017], [1.410717835452561, -2.54297488993442]]"
2,False,6,0.5,0.5,0.75,1,right,True,13.0,19.0,5,"[[4.436967624835545, -1.8588385350053027], [-2.1476473327293526, -2.281496457454398], [4.975899691513085, 4.912082902512472], [-3.072042060865272, -1.8588385350053027], [0.3944495587426727, -0.27194608940605053], [-0.6912404759135846, 3.0167234807741106]]","[[0.3944495587426727, -0.27194608940605053], [4.436967624835545, -1.8588385350053027]]"
3,True,6,0.5,0.5,0.75,1,right,True,19.5,25.5,5,"[[1.4615251327842957, -4.503809061757705], [4.305029466700899, 4.391771912233849], [4.160346794125038, 4.854039194087395], [3.3020186017322484, -1.3436791754266084], [2.4596299058215747, -2.0361346118005756], [-0.6912404759135846, 0.0]]","[[3.3020186017322484, -1.3436791754266084], [-0.6912404759135846, 0.0]]"
