,trial_type,trial_dur,iti_dur,delay_dur,dot_dur,prob_dur,hand,display_trial_feedback,start_time,end_time,circle_radius,xys_stim,xys_prob
0,False,6,0.5,0.5,0.75,1,right,True,0.0,6.0,8,"[[0.31533933417675986, 0.641952895412901], [-0.8576516336399838, 3.763102364139285], [-2.6475186723614232, -3.330158774611416], [-3.907320804985061, 2.640370466724418], [-1.1144814508367409, -3.172228271001085], [2.3278697585951083, -3.3026174341925625]]","[[-0.8576516336399838, 3.763102364139285], [0.31533933417675986, 0.641952895412901]]"
1,True,6,0.5,0.5,0.75,1,right,True,6.5,12.5,8,"[[-1.9382766007440777, -3.0603568173317592], [1.3775149083957938, -0.9641703349418105], [2.10432517959027, 0.4854145385750517], [2.0828731384072077, -2.1973802022811615], [-1.2012256919909925, -1.035967786993889], [-2.782598325724403, 1.6103898728405577]]","[[2.0828731384072077, -2.1973802022811615], [-2.782598325724403, 1.6103898728405577]]"
2,False,6,0.5,0.5,0.75,1,right,True,13.0,19.0,8,"[[2.2260025406447763, 3.8504956931779484], [3.1656201567431825, 1.7943335049881268], [-2.0196203527127228, 2.978194791798381], [-0.6570890220956933, 2.25450965744806], [1.4931178109116674, -0.8237198347604355], [1.0494390133227824, -3.5892995187303365]]","[[1.0494390133227824, -3.5892995187303365], [-0.6570890220956933, 2.25450965744806]]"
3,True,6,0.5,0.5,0.75,1,right,True,19.5,25.5,8,"[[0.9119025840944586, 1.555517980818352], [1.3114972957955544, -1.0490092852117705], [2.1865814090092837, -3.295573028557449], [-3.785234175657515, -3.768399389089139], [-3.8001853520208355, -0.9032623234534647], [-1.8453682975304293, 2.7728798908008825]]","[[0.9119025840944586, 1.555517980818352], [1.3114972957955544, -1.0490092852117705]]"
