,trial_type,trial_dur,iti_dur,delay_dur,dot_dur,prob_dur,hand,display_trial_feedback,start_time,end_time,circle_radius,xys_stim,xys_prob
0,True,6,0.5,0.5,0.75,1,right,True,0.0,6.0,5,"[[-1.1735290624552803, -4.998492594858435], [3.262003257878079, -2.5201042112273973], [1.4615251327842957, 2.9528935172331963], [-2.1954258921304586, 3.5694019975745954], [4.003347922505787, -2.281496457454398], [-0.09625224811580436, 4.695056776315893]]","[[3.262003257878079, -2.5201042112273973], [-0.09625224811580436, 4.695056776315893]]"
1,True,6,0.5,0.5,0.75,1,right,True,6.5,12.5,5,"[[4.830052778389709, 4.986438806626507], [-4.929143152613167, -4.713032871898171], [-3.1137184259083273, -4.998492594858435], [-4.760776841295074, -0.245460325138885], [4.752604609900209, -2.995530906428541], [4.975899691513085, 4.996908975615248]]","[[4.830052778389709, 4.986438806626507], [4.752604609900209, -2.995530906428541]]"
2,False,6,0.5,0.5,0.75,1,right,True,13.0,19.0,5,"[[-0.3680054724718373, 0.569443761392441], [-4.651423376462137, 2.30506362084894], [4.975899691513085, 0.0], [0.12276717454346693, 1.8094940124008863], [4.882022553949032, 0.8387775515872649], [-2.1954258921304586, -3.4126415603203135]]","[[4.975899691513085, 0.0], [-0.3680054724718373, 0.569443761392441]]"
3,False,6,0.5,0.5,0.75,1,right,True,19.5,25.5,5,"[[-2.3900500979924755, 0.7602382397600747], [-1.9478475233310422, -2.0361346118005756], [1.9722460647276048, 3.3736835603334603], [-4.999929662126685, 3.1679777445615014], [4.882022553949032, 4.106187464114728], [4.941865823634481, 4.704110999539922]]","[[1.9722460647276048, 3.3736835603334603], [-2.3900500979924755, 0.7602382397600747]]"
