,trial_type,trial_dur,iti_dur,delay_dur,dot_dur,prob_dur,hand,display_trial_feedback,start_time,end_time,circle_radius,xys_stim,xys_prob,angle_prob
0,False,6,0.5,0.5,0.75,1,right,True,0.0,6.0,5,"[[-1.8372977455041566, 4.650197522080685], [0.3282256375516151, 4.989215161811909], [5.0, 0.0], [-3.6497347977461376, -3.4175189693871433], [4.519557551738976, -2.13859756301161], [-4.760776841295074, -1.5280719444412607]]","[[-4.760776841295074, -1.5280719444412607], [4.519557551738976, -2.13859756301161]]",21.559026164641754
1,True,6,0.5,0.5,0.75,1,right,True,6.5,12.5,5,"[[5.0, 0.0], [0.3282256375516151, 4.989215161811909], [-3.6497347977461376, -3.4175189693871433], [-4.760776841295074, -1.5280719444412607], [-1.8372977455041566, 4.650197522080685], [4.519557551738976, -2.13859756301161]]","[[-4.760776841295074, -1.5280719444412607], [4.519557551738976, -2.13859756301161]]",21.559026164641754
2,True,6,0.5,0.5,0.75,1,right,True,13.0,19.0,5,"[[-1.8372977455041566, 4.650197522080685], [-3.6497347977461376, -3.4175189693871433], [0.3282256375516151, 4.989215161811909], [4.519557551738976, -2.13859756301161], [5.0, 0.0], [-4.760776841295074, -1.5280719444412607]]","[[4.519557551738976, -2.13859756301161], [-4.760776841295074, -1.5280719444412607]]",21.559026164641754
3,False,6,0.5,0.5,0.75,1,right,True,19.5,25.5,5,"[[0.3282256375516151, 4.989215161811909], [-3.6497347977461376, -3.4175189693871433], [-1.8372977455041566, 4.650197522080685], [4.519557551738976, -2.13859756301161], [-4.760776841295074, -1.5280719444412607], [5.0, 0.0]]","[[-4.760776841295074, -1.5280719444412607], [4.519557551738976, -2.13859756301161]]",21.559026164641754
