,trial_type,trial_dur,iti_dur,delay_dur,dot_dur,prob_dur,hand,display_trial_feedback,start_time,end_time,circle_radius,xys_stim,xys_prob
0,True,6,0.5,0.5,0.75,1,right,True,0.0,6.0,5,"[[-4.174998821774566, -4.997771091754891], [3.4632758170946483, 4.996908975615248], [4.7358592350798245, 4.854039194087395], [4.752604609900209, 4.594588715017534], [3.262003257878079, 4.916965363387957], [4.941865823634481, 4.7893107076526595]]","[[-4.174998821774566, -4.997771091754891], [4.941865823634481, 4.7893107076526595]]"
1,True,6,0.5,0.5,0.75,1,right,True,6.5,12.5,5,"[[0.9335103421198157, 3.5879237195403375], [-4.651423376462137, 2.328565930935575], [-0.3680054724718373, -4.075691562185389], [-1.43614168714775, 4.999073464626486], [-1.43614168714775, 4.106187464114728], [-3.48235601034125, -4.713032871898171]]","[[-0.3680054724718373, -4.075691562185389], [-1.43614168714775, 4.999073464626486]]"
2,False,6,0.5,0.5,0.75,1,right,True,13.0,19.0,5,"[[3.3020186017322484, -2.5201042112273973], [-0.6386692615256833, -1.5280719444412607], [-3.072042060865272, -4.951988146639566], [4.034900231217888, -4.984416670545081], [-3.8514641183969944, 0.8387775515872649], [2.171567161114107, 4.95558498887123]]","[[-3.072042060865272, -4.951988146639566], [-0.6386692615256833, -1.5280719444412607]]"
3,False,6,0.5,0.5,0.75,1,right,True,19.5,25.5,5,"[[-4.291480358775786, -0.27194608940605053], [-4.887681117286152, -1.5280719444412607], [-4.318457451979113, 4.996908975615248], [2.87467268153551, -4.379032733699261], [-4.929143152613167, 4.391771912233849], [4.555770681710244, 1.3181146889583446]]","[[4.555770681710244, 1.3181146889583446], [2.87467268153551, -4.379032733699261]]"
