run_num	trial_num	trial_dur	start_time	end_time	real_start_time	start_ttl	start_ttl_time
1	1.0	30.0	0.0	30.0	40.00021874997765	0.0	40.00021966663189
1	1.0	30.0	0.0	30.0	40.00020508328453	0.0	40.00020599993877
1	1.0	30.0	0.0	30.0	43.001161250052974	0.0	43.00116220815107
13	1.0	30.0	0.0	30.0	113.00018208334222	0.0	113.00018304190598
14	1.0	30.0	0.0	30.0	8.00023483322002	0.0	8.00023579178378
