run_num	trial_num	hand	trial_dur	iti_dur	display_trial_feedback	stim	start_time	end_time	real_start_time	start_ttl	start_ttl_time
1	0		14	1	False	knotActionBrigand.mov	0	15	215.0002304166555	0	215.00023137498647
1	1		14	1	False	knotControlBrigand.mov	15	30	230.00002783339005	0	230.0000352916541
1	0		14	1	False	knotActionBrigand.mov	0	15	215.0002670417307	0	215.00026795826852
1	1		14	1	False	knotControlBrigand.mov	15	30	230.0000319998944	0	230.0000333749922
1	0		14	1	False	knotActionAdage.mov	0	15	358.00525650009513	0	358.0052575832233
1	1		14	1	False	knotControlAdage.mov	15	30	373.0000331667252	0	373.00003429176286
