,trial_type,trial_dur,iti_dur,delay_dur,dot_dur,prob_dur,hand,display_trial_feedback,start_time,end_time,circle_radius,xys_stim,xys_prob
0,False,6,0.5,0.5,0.75,1,right,True,0.0,6.0,5,"[[-3.540088361067788, -3.889851306578236], [-3.1965622928502335, -2.9325910000145674], [-1.2176165641407897, -2.2142641575326727], [-0.1999559557070718, -0.7881100038821733], [2.121053853041513, 2.11800528917718], [3.599974112945455, 4.908565117838025]]","[[3.599974112945455, 4.908565117838025], [-3.540088361067788, -3.889851306578236]]"
1,True,6,0.5,0.5,0.75,1,right,True,6.5,12.5,5,"[[-4.30457977869609, -4.680474198570598], [-3.0245897995153435, -3.0897114313287632], [1.0626338837085711, -2.369000282349878], [1.936192732717073, 0.29257654262364596], [2.7697813973245307, 0.4778442105633012], [4.91738234041571, 0.8136497491569097]]","[[2.7697813973245307, 0.4778442105633012], [4.91738234041571, 0.8136497491569097]]"
2,False,6,0.5,0.5,0.75,1,right,True,13.0,19.0,5,"[[-3.930822900836728, -0.797582498790895], [-3.4163127311966557, -0.24353865706600786], [-3.1519454263882016, 0.7223912037399831], [1.345191860607656, 1.92287434816817], [3.9634852828416296, 3.5507821308189627], [4.130108161836091, 4.733879102421527]]","[[3.9634852828416296, 3.5507821308189627], [-3.930822900836728, -0.797582498790895]]"
3,True,6,0.5,0.5,0.75,1,right,True,19.5,25.5,5,"[[-4.921620735014129, -4.23379111435016], [-1.499462241520808, -4.192435140362419], [-0.4984613020949711, -4.003193347465878], [0.47477163759849095, -3.7361461258568216], [0.6777052245478341, -2.7311190534428356], [4.318101588892816, -2.419080499938345]]","[[-4.921620735014129, -4.23379111435016], [0.6777052245478341, -2.7311190534428356]]"
