,hand,trial_dur,iti_dur,run_number,display_trial_feedback,trial_type,delay_dur,dot_dur,prob_dur,width,xyz_stim,xyz_prob,start_time,end_time
0,right,6,0.5,1,True,True,0.5,0.75,1,8,"[[-1.072908901953868, 3.9738721716420713], [1.2129479308339057, 0.49888800401842825], [-0.3930304452789981, 0.44175642077521626], [3.260106611558472, 2.208192860529681], [-2.646653323816591, 1.8473882512561426], [-3.5209258011699927, -0.785969442500261]]","[[3.260106611558472, 2.208192860529681], [-3.5209258011699927, -0.785969442500261]]",0.0,6.0
1,right,6,0.5,1,True,False,0.5,0.75,1,8,"[[1.6546118911176793, -1.1248306421295489], [3.571374080309547, -0.7120691926775828], [-1.1678810927306342, -3.6530410565670124], [-2.846359597782322, -0.6332285411280987], [0.6366447507582782, -0.8359315486782535], [1.487337727418086, 2.0720967672767445]]","[[-1.1678810927306342, -3.6530410565670124], [1.6546118911176793, -1.1248306421295489]]",6.5,12.5
2,right,6,0.5,1,True,True,0.5,0.75,1,8,"[[-2.6692306451521794, 3.021995744950363], [-2.105760354707061, 1.5587923507373986], [-2.2726230262653786, -3.6983837048083714], [2.406403659272578, 1.3426422797774267], [1.4850267967021384, 3.009104544160481], [3.3728058716308604, -3.0100386598616016]]","[[-2.105760354707061, 1.5587923507373986], [1.4850267967021384, 3.009104544160481]]",13.0,19.0
3,right,6,0.5,1,True,False,0.5,0.75,1,8,"[[-2.532794653654288, 3.958985182699304], [0.3374168104259576, 2.6192831751705974], [-3.1950153007043083, -1.4722850351513266], [-2.103973623703993, -0.3618674630402481], [-0.6142400971579685, -0.8812411712935839], [-2.7025592978807733, -3.225084559840271]]","[[-2.103973623703993, -0.3618674630402481], [-3.1950153007043083, -1.4722850351513266]]",19.5,25.5
